rank,uid,title,year,venue,url,problem_claimed,actual_mechanism,hidden_assumptions,variables_treated_as_fixed,failure_modes_ignored,what_it_makes_less_novel,what_it_leaves_open
1,arxiv:2606.09630v1,ReCoVLA: VLM-Guided Reward Compilation for Failure Recovery in Vision-Language-Action Policies,2026,arXiv,http://arxiv.org/abs/2606.09630v1,Addresses robot skill learning or a neighboring robotics mechanism.,"Prior work usually predicts, ranks, filters, or imitates observed behavior rather than preserving unrealized branches.",The observed outcome is enough to supervise the model.,"Contact mode support, embodiment limits, and deployment perturbations.","Branch collapse, hidden-mode shift, and tail-risk planning failures.",Generic world models and generic uncertainty are crowded.,Temporal credit without rewards keeps action-critical alternatives explicit until a physical observation collapses them.
2,doi:10.3390/plants14050634,Compliant Motion Planning Integrating Human Skill for Robotic Arm Collecting Tomato Bunch Based on Improved DDPG,2025,Plants,https://doi.org/10.3390/plants14050634,Addresses robot skill learning or a neighboring robotics mechanism.,"Prior work usually predicts, ranks, filters, or imitates observed behavior rather than preserving unrealized branches.",The observed outcome is enough to supervise the model.,"Contact mode support, embodiment limits, and deployment perturbations.","Branch collapse, hidden-mode shift, and tail-risk planning failures.",Generic world models and generic uncertainty are crowded.,Temporal credit without rewards keeps action-critical alternatives explicit until a physical observation collapses them.
3,doi:10.1609/aaai.v37i1.25225,CLIP-ReID: Exploiting Vision-Language Model for Image Re-identification without Concrete Text Labels,2023,Proceedings of the AAAI Conference on Artificial Intelligence,https://doi.org/10.1609/aaai.v37i1.25225,Addresses robot skill learning or a neighboring robotics mechanism.,"Prior work usually predicts, ranks, filters, or imitates observed behavior rather than preserving unrealized branches.",The observed outcome is enough to supervise the model.,"Contact mode support, embodiment limits, and deployment perturbations.","Branch collapse, hidden-mode shift, and tail-risk planning failures.",Generic world models and generic uncertainty are crowded.,Temporal credit without rewards keeps action-critical alternatives explicit until a physical observation collapses them.
4,doi:10.3390/sym18030394,PI-VLA: Adaptive Symmetry-Aware Decision-Making for Long-Horizon Vision–Language–Action Manipulation,2026,Symmetry,https://doi.org/10.3390/sym18030394,Addresses robot skill learning or a neighboring robotics mechanism.,"Prior work usually predicts, ranks, filters, or imitates observed behavior rather than preserving unrealized branches.",The observed outcome is enough to supervise the model.,"Contact mode support, embodiment limits, and deployment perturbations.","Branch collapse, hidden-mode shift, and tail-risk planning failures.",Generic world models and generic uncertainty are crowded.,Temporal credit without rewards keeps action-critical alternatives explicit until a physical observation collapses them.
5,doi:10.31224/4295,Forecasting Long-term Spatial-temporal Dynamics with Generative Transformer Networks,,,https://doi.org/10.31224/4295,Addresses robot skill learning or a neighboring robotics mechanism.,"Prior work usually predicts, ranks, filters, or imitates observed behavior rather than preserving unrealized branches.",The observed outcome is enough to supervise the model.,"Contact mode support, embodiment limits, and deployment perturbations.","Branch collapse, hidden-mode shift, and tail-risk planning failures.",Generic world models and generic uncertainty are crowded.,Temporal credit without rewards keeps action-critical alternatives explicit until a physical observation collapses them.
6,doi:10.64898/2026.05.25.727760,Evaluating Long-Range Temporal Structure in Foundation Model-Based Forecasts of Heartbeat Dynamics,,,https://doi.org/10.64898/2026.05.25.727760,Addresses robot skill learning or a neighboring robotics mechanism.,"Prior work usually predicts, ranks, filters, or imitates observed behavior rather than preserving unrealized branches.",The observed outcome is enough to supervise the model.,"Contact mode support, embodiment limits, and deployment perturbations.","Branch collapse, hidden-mode shift, and tail-risk planning failures.",Generic world models and generic uncertainty are crowded.,Temporal credit without rewards keeps action-critical alternatives explicit until a physical observation collapses them.
7,doi:10.1109/cvpr52734.2025.00315,BOLT: Boost Large Vision-Language Model Without Training for Long-Form Video Understanding,2025,2025 IEEE/CVF Conference on Computer Vision and Pattern Recognition (CVPR),https://doi.org/10.1109/cvpr52734.2025.00315,Addresses robot skill learning or a neighboring robotics mechanism.,"Prior work usually predicts, ranks, filters, or imitates observed behavior rather than preserving unrealized branches.",The observed outcome is enough to supervise the model.,"Contact mode support, embodiment limits, and deployment perturbations.","Branch collapse, hidden-mode shift, and tail-risk planning failures.",Generic world models and generic uncertainty are crowded.,Temporal credit without rewards keeps action-critical alternatives explicit until a physical observation collapses them.
8,doi:10.48550/arxiv.2009.12293,Multi-Stage Learning for Grasp-Constrained Object Manipulation with a Simulated Panda Robot,2020,arXiv (Cornell University),https://doi.org/10.48550/arxiv.2009.12293,Addresses robot skill learning or a neighboring robotics mechanism.,"Prior work usually predicts, ranks, filters, or imitates observed behavior rather than preserving unrealized branches.",The observed outcome is enough to supervise the model.,"Contact mode support, embodiment limits, and deployment perturbations.","Branch collapse, hidden-mode shift, and tail-risk planning failures.",Generic world models and generic uncertainty are crowded.,Temporal credit without rewards keeps action-critical alternatives explicit until a physical observation collapses them.
9,doi:10.1145/3746027.3755697,From Captions to Rewards (CaReVL): Leveraging Large Language Model Experts for Enhanced Reward Modeling in Large Vision-Language Models,2025,Proceedings of the 33rd ACM International Conference on Multimedia,https://doi.org/10.1145/3746027.3755697,Addresses robot skill learning or a neighboring robotics mechanism.,"Prior work usually predicts, ranks, filters, or imitates observed behavior rather than preserving unrealized branches.",The observed outcome is enough to supervise the model.,"Contact mode support, embodiment limits, and deployment perturbations.","Branch collapse, hidden-mode shift, and tail-risk planning failures.",Generic world models and generic uncertainty are crowded.,Temporal credit without rewards keeps action-critical alternatives explicit until a physical observation collapses them.
10,doi:10.1177/0278364910386986,Motion planning under uncertainty for robotic tasks with long time horizons,2011,The International Journal of Robotics Research,https://doi.org/10.1177/0278364910386986,Addresses robot skill learning or a neighboring robotics mechanism.,"Prior work usually predicts, ranks, filters, or imitates observed behavior rather than preserving unrealized branches.",The observed outcome is enough to supervise the model.,"Contact mode support, embodiment limits, and deployment perturbations.","Branch collapse, hidden-mode shift, and tail-risk planning failures.",Generic world models and generic uncertainty are crowded.,Temporal credit without rewards keeps action-critical alternatives explicit until a physical observation collapses them.
11,arxiv:2410.17188v2,Minimum-Violation Temporal Logic Planning for Heterogeneous Robots under Robot Skill Failures,2024,arXiv,http://arxiv.org/abs/2410.17188v2,Addresses robot skill learning or a neighboring robotics mechanism.,"Prior work usually predicts, ranks, filters, or imitates observed behavior rather than preserving unrealized branches.",The observed outcome is enough to supervise the model.,"Contact mode support, embodiment limits, and deployment perturbations.","Branch collapse, hidden-mode shift, and tail-risk planning failures.",Generic world models and generic uncertainty are crowded.,Temporal credit without rewards keeps action-critical alternatives explicit until a physical observation collapses them.
12,arxiv:2509.13780v1,Behavior Foundation Model for Humanoid Robots,2025,arXiv,http://arxiv.org/abs/2509.13780v1,Addresses robot skill learning or a neighboring robotics mechanism.,"Prior work usually predicts, ranks, filters, or imitates observed behavior rather than preserving unrealized branches.",The observed outcome is enough to supervise the model.,"Contact mode support, embodiment limits, and deployment perturbations.","Branch collapse, hidden-mode shift, and tail-risk planning failures.",Generic world models and generic uncertainty are crowded.,Temporal credit without rewards keeps action-critical alternatives explicit until a physical observation collapses them.
13,doi:10.1016/j.cviu.2021.103242,Long term spatio-temporal modeling for action detection,2021,Computer Vision and Image Understanding,https://doi.org/10.1016/j.cviu.2021.103242,Addresses robot skill learning or a neighboring robotics mechanism.,"Prior work usually predicts, ranks, filters, or imitates observed behavior rather than preserving unrealized branches.",The observed outcome is enough to supervise the model.,"Contact mode support, embodiment limits, and deployment perturbations.","Branch collapse, hidden-mode shift, and tail-risk planning failures.",Generic world models and generic uncertainty are crowded.,Temporal credit without rewards keeps action-critical alternatives explicit until a physical observation collapses them.
14,doi:10.3390/electronics15091919,Fractional–Temporal Lorentz Graph Networks: Integrating Physical Memory into Dynamic Knowledge Reasoning,2026,Electronics,https://doi.org/10.3390/electronics15091919,Addresses robot skill learning or a neighboring robotics mechanism.,"Prior work usually predicts, ranks, filters, or imitates observed behavior rather than preserving unrealized branches.",The observed outcome is enough to supervise the model.,"Contact mode support, embodiment limits, and deployment perturbations.","Branch collapse, hidden-mode shift, and tail-risk planning failures.",Generic world models and generic uncertainty are crowded.,Temporal credit without rewards keeps action-critical alternatives explicit until a physical observation collapses them.
15,doi:10.1109/iros60139.2025.11246902,Policy Learning from Large Vision-Language Model Feedback Without Reward Modeling,2025,2025 IEEE/RSJ International Conference on Intelligent Robots and Systems (IROS),https://doi.org/10.1109/iros60139.2025.11246902,Addresses robot skill learning or a neighboring robotics mechanism.,"Prior work usually predicts, ranks, filters, or imitates observed behavior rather than preserving unrealized branches.",The observed outcome is enough to supervise the model.,"Contact mode support, embodiment limits, and deployment perturbations.","Branch collapse, hidden-mode shift, and tail-risk planning failures.",Generic world models and generic uncertainty are crowded.,Temporal credit without rewards keeps action-critical alternatives explicit until a physical observation collapses them.
16,doi:10.1049/cvi2.12086,Temporal‐enhanced graph convolution network for skeleton‐based action recognition,2022,IET Computer Vision,https://doi.org/10.1049/cvi2.12086,Addresses robot skill learning or a neighboring robotics mechanism.,"Prior work usually predicts, ranks, filters, or imitates observed behavior rather than preserving unrealized branches.",The observed outcome is enough to supervise the model.,"Contact mode support, embodiment limits, and deployment perturbations.","Branch collapse, hidden-mode shift, and tail-risk planning failures.",Generic world models and generic uncertainty are crowded.,Temporal credit without rewards keeps action-critical alternatives explicit until a physical observation collapses them.
17,arxiv:2407.14872v1,Adapt2Reward: Adapting Video-Language Models to Generalizable Robotic Rewards via Failure Prompts,2024,arXiv,http://arxiv.org/abs/2407.14872v1,Addresses robot skill learning or a neighboring robotics mechanism.,"Prior work usually predicts, ranks, filters, or imitates observed behavior rather than preserving unrealized branches.",The observed outcome is enough to supervise the model.,"Contact mode support, embodiment limits, and deployment perturbations.","Branch collapse, hidden-mode shift, and tail-risk planning failures.",Generic world models and generic uncertainty are crowded.,Temporal credit without rewards keeps action-critical alternatives explicit until a physical observation collapses them.
18,arxiv:2402.11871v6,From Real World to Logic and Back: Learning Generalizable Relational Concepts For Long Horizon Robot Planning,2024,arXiv,http://arxiv.org/abs/2402.11871v6,Addresses robot skill learning or a neighboring robotics mechanism.,"Prior work usually predicts, ranks, filters, or imitates observed behavior rather than preserving unrealized branches.",The observed outcome is enough to supervise the model.,"Contact mode support, embodiment limits, and deployment perturbations.","Branch collapse, hidden-mode shift, and tail-risk planning failures.",Generic world models and generic uncertainty are crowded.,Temporal credit without rewards keeps action-critical alternatives explicit until a physical observation collapses them.
19,doi:10.1093/eurheartj/ehaf784.1288,SGLT2i and ARNI improve long-term heart failure outcomes: a multi-state model analysis from a real-world southeast asian cohort,2025,European Heart Journal,https://doi.org/10.1093/eurheartj/ehaf784.1288,Addresses robot skill learning or a neighboring robotics mechanism.,"Prior work usually predicts, ranks, filters, or imitates observed behavior rather than preserving unrealized branches.",The observed outcome is enough to supervise the model.,"Contact mode support, embodiment limits, and deployment perturbations.","Branch collapse, hidden-mode shift, and tail-risk planning failures.",Generic world models and generic uncertainty are crowded.,Temporal credit without rewards keeps action-critical alternatives explicit until a physical observation collapses them.
20,doi:10.21203/rs.3.rs-9525948/v1,"Domain-Generalizable Emotion Recognition across Social Media, Sitcom Dialogues, and Online Video Transcripts via Large Language Model-Guided Invariant Emotion Explanations",,,https://doi.org/10.21203/rs.3.rs-9525948/v1,Addresses robot skill learning or a neighboring robotics mechanism.,"Prior work usually predicts, ranks, filters, or imitates observed behavior rather than preserving unrealized branches.",The observed outcome is enough to supervise the model.,"Contact mode support, embodiment limits, and deployment perturbations.","Branch collapse, hidden-mode shift, and tail-risk planning failures.",Generic world models and generic uncertainty are crowded.,Temporal credit without rewards keeps action-critical alternatives explicit until a physical observation collapses them.
21,arxiv:2604.05831v1,BiCoord: A Bimanual Manipulation Benchmark towards Long-Horizon Spatial-Temporal Coordination,2026,arXiv,http://arxiv.org/abs/2604.05831v1,Addresses robot skill learning or a neighboring robotics mechanism.,"Prior work usually predicts, ranks, filters, or imitates observed behavior rather than preserving unrealized branches.",The observed outcome is enough to supervise the model.,"Contact mode support, embodiment limits, and deployment perturbations.","Branch collapse, hidden-mode shift, and tail-risk planning failures.",Generic world models and generic uncertainty are crowded.,Temporal credit without rewards keeps action-critical alternatives explicit until a physical observation collapses them.
22,arxiv:2511.14659v1,NORA-1.5: A Vision-Language-Action Model Trained using World Model- and Action-based Preference Rewards,2025,arXiv,http://arxiv.org/abs/2511.14659v1,Addresses robot skill learning or a neighboring robotics mechanism.,"Prior work usually predicts, ranks, filters, or imitates observed behavior rather than preserving unrealized branches.",The observed outcome is enough to supervise the model.,"Contact mode support, embodiment limits, and deployment perturbations.","Branch collapse, hidden-mode shift, and tail-risk planning failures.",Generic world models and generic uncertainty are crowded.,Temporal credit without rewards keeps action-critical alternatives explicit until a physical observation collapses them.
23,arxiv:2506.19850v1,Unified Vision-Language-Action Model,2025,arXiv,http://arxiv.org/abs/2506.19850v1,Addresses robot skill learning or a neighboring robotics mechanism.,"Prior work usually predicts, ranks, filters, or imitates observed behavior rather than preserving unrealized branches.",The observed outcome is enough to supervise the model.,"Contact mode support, embodiment limits, and deployment perturbations.","Branch collapse, hidden-mode shift, and tail-risk planning failures.",Generic world models and generic uncertainty are crowded.,Temporal credit without rewards keeps action-critical alternatives explicit until a physical observation collapses them.
24,doi:10.1016/j.nahs.2024.101556,Secure control for uncertain nonlinear cyber–physical systems: A prescribed-time scheme based on temporal scaling,2025,Nonlinear Analysis: Hybrid Systems,https://doi.org/10.1016/j.nahs.2024.101556,Addresses robot skill learning or a neighboring robotics mechanism.,"Prior work usually predicts, ranks, filters, or imitates observed behavior rather than preserving unrealized branches.",The observed outcome is enough to supervise the model.,"Contact mode support, embodiment limits, and deployment perturbations.","Branch collapse, hidden-mode shift, and tail-risk planning failures.",Generic world models and generic uncertainty are crowded.,Temporal credit without rewards keeps action-critical alternatives explicit until a physical observation collapses them.
25,doi:10.3389/fnbot.2024.1457843,LS-VIT: Vision Transformer for action recognition based on long and short-term temporal difference,2024,Frontiers in Neurorobotics,https://doi.org/10.3389/fnbot.2024.1457843,Addresses robot skill learning or a neighboring robotics mechanism.,"Prior work usually predicts, ranks, filters, or imitates observed behavior rather than preserving unrealized branches.",The observed outcome is enough to supervise the model.,"Contact mode support, embodiment limits, and deployment perturbations.","Branch collapse, hidden-mode shift, and tail-risk planning failures.",Generic world models and generic uncertainty are crowded.,Temporal credit without rewards keeps action-critical alternatives explicit until a physical observation collapses them.
26,doi:10.3389/fnbot.2026.1846433,ST-HADP: Spatio-Temporal hierarchical attention diffusion policy for long-horizon generalizable bimanual visuomotor imitation,2026,Frontiers in Neurorobotics,https://doi.org/10.3389/fnbot.2026.1846433,Addresses robot skill learning or a neighboring robotics mechanism.,"Prior work usually predicts, ranks, filters, or imitates observed behavior rather than preserving unrealized branches.",The observed outcome is enough to supervise the model.,"Contact mode support, embodiment limits, and deployment perturbations.","Branch collapse, hidden-mode shift, and tail-risk planning failures.",Generic world models and generic uncertainty are crowded.,Temporal credit without rewards keeps action-critical alternatives explicit until a physical observation collapses them.
27,arxiv:2011.08177v1,A Long Horizon Planning Framework for Manipulating Rigid Pointcloud Objects,2020,arXiv,http://arxiv.org/abs/2011.08177v1,Addresses robot skill learning or a neighboring robotics mechanism.,"Prior work usually predicts, ranks, filters, or imitates observed behavior rather than preserving unrealized branches.",The observed outcome is enough to supervise the model.,"Contact mode support, embodiment limits, and deployment perturbations.","Branch collapse, hidden-mode shift, and tail-risk planning failures.",Generic world models and generic uncertainty are crowded.,Temporal credit without rewards keeps action-critical alternatives explicit until a physical observation collapses them.
28,doi:10.2139/ssrn.6497861,EdgeCraft: Dynamic Sparse Graph Learning for Spatio-Temporal Traffic Forecasting,,,https://doi.org/10.2139/ssrn.6497861,Addresses robot skill learning or a neighboring robotics mechanism.,"Prior work usually predicts, ranks, filters, or imitates observed behavior rather than preserving unrealized branches.",The observed outcome is enough to supervise the model.,"Contact mode support, embodiment limits, and deployment perturbations.","Branch collapse, hidden-mode shift, and tail-risk planning failures.",Generic world models and generic uncertainty are crowded.,Temporal credit without rewards keeps action-critical alternatives explicit until a physical observation collapses them.
29,doi:10.48550/arxiv.2411.02385,How Far is Video Generation from World Model: A Physical Law Perspective,2024,arXiv (Cornell University),https://doi.org/10.48550/arxiv.2411.02385,Addresses robot skill learning or a neighboring robotics mechanism.,"Prior work usually predicts, ranks, filters, or imitates observed behavior rather than preserving unrealized branches.",The observed outcome is enough to supervise the model.,"Contact mode support, embodiment limits, and deployment perturbations.","Branch collapse, hidden-mode shift, and tail-risk planning failures.",Generic world models and generic uncertainty are crowded.,Temporal credit without rewards keeps action-critical alternatives explicit until a physical observation collapses them.
30,doi:10.1609/aaai.v40i29.39677,Continuous Vision-Language-Action Co-Learning with Semantic-Physical Alignment for Behavioral Cloning,2026,Proceedings of the AAAI Conference on Artificial Intelligence,https://doi.org/10.1609/aaai.v40i29.39677,Addresses robot skill learning or a neighboring robotics mechanism.,"Prior work usually predicts, ranks, filters, or imitates observed behavior rather than preserving unrealized branches.",The observed outcome is enough to supervise the model.,"Contact mode support, embodiment limits, and deployment perturbations.","Branch collapse, hidden-mode shift, and tail-risk planning failures.",Generic world models and generic uncertainty are crowded.,Temporal credit without rewards keeps action-critical alternatives explicit until a physical observation collapses them.
31,doi:10.54254/2755-2721/2025.ast27134,Integrating Motion Planning in Vision Language Action Agents,2025,Applied and Computational Engineering,https://doi.org/10.54254/2755-2721/2025.ast27134,Addresses robot skill learning or a neighboring robotics mechanism.,"Prior work usually predicts, ranks, filters, or imitates observed behavior rather than preserving unrealized branches.",The observed outcome is enough to supervise the model.,"Contact mode support, embodiment limits, and deployment perturbations.","Branch collapse, hidden-mode shift, and tail-risk planning failures.",Generic world models and generic uncertainty are crowded.,Temporal credit without rewards keeps action-critical alternatives explicit until a physical observation collapses them.
32,doi:10.66967/jaics.2026.v2i103,Multimodal AI: PaLM-E’s Role in Vision–Language–Robotics & the Future of Efficient Fine-Tuning,2026,Journal of Artificial Intelligence & Control Systems,https://doi.org/10.66967/jaics.2026.v2i103,Addresses robot skill learning or a neighboring robotics mechanism.,"Prior work usually predicts, ranks, filters, or imitates observed behavior rather than preserving unrealized branches.",The observed outcome is enough to supervise the model.,"Contact mode support, embodiment limits, and deployment perturbations.","Branch collapse, hidden-mode shift, and tail-risk planning failures.",Generic world models and generic uncertainty are crowded.,Temporal credit without rewards keeps action-critical alternatives explicit until a physical observation collapses them.
33,doi:10.1007/978-3-642-19457-3_10,Motion Planning under Uncertainty for Robotic Tasks with Long Time Horizons,2011,Springer Tracts in Advanced Robotics Robotics Research,https://doi.org/10.1007/978-3-642-19457-3_10,Addresses robot skill learning or a neighboring robotics mechanism.,"Prior work usually predicts, ranks, filters, or imitates observed behavior rather than preserving unrealized branches.",The observed outcome is enough to supervise the model.,"Contact mode support, embodiment limits, and deployment perturbations.","Branch collapse, hidden-mode shift, and tail-risk planning failures.",Generic world models and generic uncertainty are crowded.,Temporal credit without rewards keeps action-critical alternatives explicit until a physical observation collapses them.
34,doi:10.18196/jrc.v7i2.26984,Multi-Agent Reinforcement Learning with Hierarchical Reward Structures for Complex Optimization Problems,2026,Journal of Robotics and Control (JRC),https://doi.org/10.18196/jrc.v7i2.26984,Addresses robot skill learning or a neighboring robotics mechanism.,"Prior work usually predicts, ranks, filters, or imitates observed behavior rather than preserving unrealized branches.",The observed outcome is enough to supervise the model.,"Contact mode support, embodiment limits, and deployment perturbations.","Branch collapse, hidden-mode shift, and tail-risk planning failures.",Generic world models and generic uncertainty are crowded.,Temporal credit without rewards keeps action-critical alternatives explicit until a physical observation collapses them.
35,doi:10.2139/ssrn.6344125,Co-evolutionary Latent World Representations with Temporal Consistency for Motion Prediction and Planning,,,https://doi.org/10.2139/ssrn.6344125,Addresses robot skill learning or a neighboring robotics mechanism.,"Prior work usually predicts, ranks, filters, or imitates observed behavior rather than preserving unrealized branches.",The observed outcome is enough to supervise the model.,"Contact mode support, embodiment limits, and deployment perturbations.","Branch collapse, hidden-mode shift, and tail-risk planning failures.",Generic world models and generic uncertainty are crowded.,Temporal credit without rewards keeps action-critical alternatives explicit until a physical observation collapses them.
36,doi:10.22541/au.172116715.57325819/v1,Boost Large Language Model Performance through Self-Training with Reward Guided Tree Search,,,https://doi.org/10.22541/au.172116715.57325819/v1,Addresses robot skill learning or a neighboring robotics mechanism.,"Prior work usually predicts, ranks, filters, or imitates observed behavior rather than preserving unrealized branches.",The observed outcome is enough to supervise the model.,"Contact mode support, embodiment limits, and deployment perturbations.","Branch collapse, hidden-mode shift, and tail-risk planning failures.",Generic world models and generic uncertainty are crowded.,Temporal credit without rewards keeps action-critical alternatives explicit until a physical observation collapses them.
37,doi:10.3390/s25216741,DPDQN-TER: An Improved Deep Reinforcement Learning Approach for Mobile Robot Path Planning in Dynamic Scenarios,2025,Sensors,https://doi.org/10.3390/s25216741,Addresses robot skill learning or a neighboring robotics mechanism.,"Prior work usually predicts, ranks, filters, or imitates observed behavior rather than preserving unrealized branches.",The observed outcome is enough to supervise the model.,"Contact mode support, embodiment limits, and deployment perturbations.","Branch collapse, hidden-mode shift, and tail-risk planning failures.",Generic world models and generic uncertainty are crowded.,Temporal credit without rewards keeps action-critical alternatives explicit until a physical observation collapses them.
38,doi:10.1049/iet-cvi.2019.0751,Skeleton‐based attention‐aware spatial–temporal model for action detection and recognition,2020,IET Computer Vision,https://doi.org/10.1049/iet-cvi.2019.0751,Addresses robot skill learning or a neighboring robotics mechanism.,"Prior work usually predicts, ranks, filters, or imitates observed behavior rather than preserving unrealized branches.",The observed outcome is enough to supervise the model.,"Contact mode support, embodiment limits, and deployment perturbations.","Branch collapse, hidden-mode shift, and tail-risk planning failures.",Generic world models and generic uncertainty are crowded.,Temporal credit without rewards keeps action-critical alternatives explicit until a physical observation collapses them.
39,arxiv:2606.08414v1,PACT: Self-Evolving Physical Safety Alignment for Diffusion Policies in Embodied Manipulation,2026,arXiv,http://arxiv.org/abs/2606.08414v1,Addresses robot skill learning or a neighboring robotics mechanism.,"Prior work usually predicts, ranks, filters, or imitates observed behavior rather than preserving unrealized branches.",The observed outcome is enough to supervise the model.,"Contact mode support, embodiment limits, and deployment perturbations.","Branch collapse, hidden-mode shift, and tail-risk planning failures.",Generic world models and generic uncertainty are crowded.,Temporal credit without rewards keeps action-critical alternatives explicit until a physical observation collapses them.
40,doi:10.23919/acc.2019.8814420,Reactive motion planning for temporal logic tasks without workspace discretization,2019,2019 American Control Conference (ACC),https://doi.org/10.23919/acc.2019.8814420,Addresses robot skill learning or a neighboring robotics mechanism.,"Prior work usually predicts, ranks, filters, or imitates observed behavior rather than preserving unrealized branches.",The observed outcome is enough to supervise the model.,"Contact mode support, embodiment limits, and deployment perturbations.","Branch collapse, hidden-mode shift, and tail-risk planning failures.",Generic world models and generic uncertainty are crowded.,Temporal credit without rewards keeps action-critical alternatives explicit until a physical observation collapses them.
41,doi:10.54364/aaiml.2023.1150,Goal Agnostic Learning and Planning without Reward Functions,2023,Advances in Artificial Intelligence and Machine Learning,https://doi.org/10.54364/aaiml.2023.1150,Addresses robot skill learning or a neighboring robotics mechanism.,"Prior work usually predicts, ranks, filters, or imitates observed behavior rather than preserving unrealized branches.",The observed outcome is enough to supervise the model.,"Contact mode support, embodiment limits, and deployment perturbations.","Branch collapse, hidden-mode shift, and tail-risk planning failures.",Generic world models and generic uncertainty are crowded.,Temporal credit without rewards keeps action-critical alternatives explicit until a physical observation collapses them.
42,arxiv:2603.04363v1,ManipulationNet: An Infrastructure for Benchmarking Real-World Robot Manipulation with Physical Skill Challenges and Embodied Multimodal Reasoning,2026,arXiv,http://arxiv.org/abs/2603.04363v1,Addresses robot skill learning or a neighboring robotics mechanism.,"Prior work usually predicts, ranks, filters, or imitates observed behavior rather than preserving unrealized branches.",The observed outcome is enough to supervise the model.,"Contact mode support, embodiment limits, and deployment perturbations.","Branch collapse, hidden-mode shift, and tail-risk planning failures.",Generic world models and generic uncertainty are crowded.,Temporal credit without rewards keeps action-critical alternatives explicit until a physical observation collapses them.
43,arxiv:2605.30280v2,"Qwen-VLA: Unifying Vision-Language-Action Modeling across Tasks, Environments, and Robot Embodiments",2026,arXiv,http://arxiv.org/abs/2605.30280v2,Addresses robot skill learning or a neighboring robotics mechanism.,"Prior work usually predicts, ranks, filters, or imitates observed behavior rather than preserving unrealized branches.",The observed outcome is enough to supervise the model.,"Contact mode support, embodiment limits, and deployment perturbations.","Branch collapse, hidden-mode shift, and tail-risk planning failures.",Generic world models and generic uncertainty are crowded.,Temporal credit without rewards keeps action-critical alternatives explicit until a physical observation collapses them.
44,doi:10.1109/icra55743.2025.11128229,"IMRL: Integrating Visual, Physical, Temporal, and Geometric Representations for Enhanced Food Acquisition",2025,2025 IEEE International Conference on Robotics and Automation (ICRA),https://doi.org/10.1109/icra55743.2025.11128229,Addresses robot skill learning or a neighboring robotics mechanism.,"Prior work usually predicts, ranks, filters, or imitates observed behavior rather than preserving unrealized branches.",The observed outcome is enough to supervise the model.,"Contact mode support, embodiment limits, and deployment perturbations.","Branch collapse, hidden-mode shift, and tail-risk planning failures.",Generic world models and generic uncertainty are crowded.,Temporal credit without rewards keeps action-critical alternatives explicit until a physical observation collapses them.
45,doi:10.3390/biomimetics10090577,DT-HRL: Mastering Long-Sequence Manipulation with Reimagined Hierarchical Reinforcement Learning,2025,Biomimetics,https://doi.org/10.3390/biomimetics10090577,Addresses robot skill learning or a neighboring robotics mechanism.,"Prior work usually predicts, ranks, filters, or imitates observed behavior rather than preserving unrealized branches.",The observed outcome is enough to supervise the model.,"Contact mode support, embodiment limits, and deployment perturbations.","Branch collapse, hidden-mode shift, and tail-risk planning failures.",Generic world models and generic uncertainty are crowded.,Temporal credit without rewards keeps action-critical alternatives explicit until a physical observation collapses them.
46,doi:10.1109/iros58592.2024.10802424,"Extensive, Long-term Task and Motion Planning with Signal Temporal Logic Specification for Autonomous Construction",2024,2024 IEEE/RSJ International Conference on Intelligent Robots and Systems (IROS),https://doi.org/10.1109/iros58592.2024.10802424,Addresses robot skill learning or a neighboring robotics mechanism.,"Prior work usually predicts, ranks, filters, or imitates observed behavior rather than preserving unrealized branches.",The observed outcome is enough to supervise the model.,"Contact mode support, embodiment limits, and deployment perturbations.","Branch collapse, hidden-mode shift, and tail-risk planning failures.",Generic world models and generic uncertainty are crowded.,Temporal credit without rewards keeps action-critical alternatives explicit until a physical observation collapses them.
47,doi:10.3390/en18174466,Short-Term Multi-Energy Load Forecasting Method Based on Transformer Spatio-Temporal Graph Neural Network,2025,Energies,https://doi.org/10.3390/en18174466,Addresses robot skill learning or a neighboring robotics mechanism.,"Prior work usually predicts, ranks, filters, or imitates observed behavior rather than preserving unrealized branches.",The observed outcome is enough to supervise the model.,"Contact mode support, embodiment limits, and deployment perturbations.","Branch collapse, hidden-mode shift, and tail-risk planning failures.",Generic world models and generic uncertainty are crowded.,Temporal credit without rewards keeps action-critical alternatives explicit until a physical observation collapses them.
48,doi:10.1177/0278364918774135,Simultaneous task allocation and planning for temporal logic goals in heterogeneous multi-robot systems,2018,The International Journal of Robotics Research,https://doi.org/10.1177/0278364918774135,Addresses robot skill learning or a neighboring robotics mechanism.,"Prior work usually predicts, ranks, filters, or imitates observed behavior rather than preserving unrealized branches.",The observed outcome is enough to supervise the model.,"Contact mode support, embodiment limits, and deployment perturbations.","Branch collapse, hidden-mode shift, and tail-risk planning failures.",Generic world models and generic uncertainty are crowded.,Temporal credit without rewards keeps action-critical alternatives explicit until a physical observation collapses them.
49,doi:10.1108/ir-04-2025-0144,Motion planning of quadrotors in cluttered environments using efficient mapping and spatial-temporal optimization,2026,Industrial Robot: the international journal of robotics research and application,https://doi.org/10.1108/ir-04-2025-0144,Addresses robot skill learning or a neighboring robotics mechanism.,"Prior work usually predicts, ranks, filters, or imitates observed behavior rather than preserving unrealized branches.",The observed outcome is enough to supervise the model.,"Contact mode support, embodiment limits, and deployment perturbations.","Branch collapse, hidden-mode shift, and tail-risk planning failures.",Generic world models and generic uncertainty are crowded.,Temporal credit without rewards keeps action-critical alternatives explicit until a physical observation collapses them.
50,doi:10.1109/iros.2013.6696585,Skills transfer across dissimilar robots by learning context-dependent rewards,2013,,https://doi.org/10.1109/iros.2013.6696585,Addresses robot skill learning or a neighboring robotics mechanism.,"Prior work usually predicts, ranks, filters, or imitates observed behavior rather than preserving unrealized branches.",The observed outcome is enough to supervise the model.,"Contact mode support, embodiment limits, and deployment perturbations.","Branch collapse, hidden-mode shift, and tail-risk planning failures.",Generic world models and generic uncertainty are crowded.,Temporal credit without rewards keeps action-critical alternatives explicit until a physical observation collapses them.
51,doi:10.1109/tnnls.2022.3201705,Learning of Long-Horizon Sparse-Reward Robotic Manipulator Tasks With Base Controllers,2022,IEEE Transactions on Neural Networks and Learning Systems,https://doi.org/10.1109/tnnls.2022.3201705,Addresses robot skill learning or a neighboring robotics mechanism.,"Prior work usually predicts, ranks, filters, or imitates observed behavior rather than preserving unrealized branches.",The observed outcome is enough to supervise the model.,"Contact mode support, embodiment limits, and deployment perturbations.","Branch collapse, hidden-mode shift, and tail-risk planning failures.",Generic world models and generic uncertainty are crowded.,Temporal credit without rewards keeps action-critical alternatives explicit until a physical observation collapses them.
52,doi:10.1145/1273496.1273590,Reinforcement learning by reward-weighted regression for operational space control,2007,,https://doi.org/10.1145/1273496.1273590,Addresses robot skill learning or a neighboring robotics mechanism.,"Prior work usually predicts, ranks, filters, or imitates observed behavior rather than preserving unrealized branches.",The observed outcome is enough to supervise the model.,"Contact mode support, embodiment limits, and deployment perturbations.","Branch collapse, hidden-mode shift, and tail-risk planning failures.",Generic world models and generic uncertainty are crowded.,Temporal credit without rewards keeps action-critical alternatives explicit until a physical observation collapses them.
53,doi:10.2139/ssrn.6430598,"FRA-PIELM: A novel flexible, robust and accelerated physics-informed extreme learning machine for multi-dimensional dynamical equations with long-temporal evolution or large gradient",,,https://doi.org/10.2139/ssrn.6430598,Addresses robot skill learning or a neighboring robotics mechanism.,"Prior work usually predicts, ranks, filters, or imitates observed behavior rather than preserving unrealized branches.",The observed outcome is enough to supervise the model.,"Contact mode support, embodiment limits, and deployment perturbations.","Branch collapse, hidden-mode shift, and tail-risk planning failures.",Generic world models and generic uncertainty are crowded.,Temporal credit without rewards keeps action-critical alternatives explicit until a physical observation collapses them.
54,doi:10.1177/02783649251379093,"Weakly labelled spatial-temporal sweet pepper data: Enabling higher quality detection, segmentation, and tracking.",2026,The International Journal of Robotics Research,https://doi.org/10.1177/02783649251379093,Addresses robot skill learning or a neighboring robotics mechanism.,"Prior work usually predicts, ranks, filters, or imitates observed behavior rather than preserving unrealized branches.",The observed outcome is enough to supervise the model.,"Contact mode support, embodiment limits, and deployment perturbations.","Branch collapse, hidden-mode shift, and tail-risk planning failures.",Generic world models and generic uncertainty are crowded.,Temporal credit without rewards keeps action-critical alternatives explicit until a physical observation collapses them.
55,doi:10.22214/ijraset.2026.80955,DumpWatch AI: An Automated Illegal Dumping Detection System Using YOLOv8 and Vision Language Model Verification,2026,International Journal for Research in Applied Science and Engineering Technology,https://doi.org/10.22214/ijraset.2026.80955,Addresses robot skill learning or a neighboring robotics mechanism.,"Prior work usually predicts, ranks, filters, or imitates observed behavior rather than preserving unrealized branches.",The observed outcome is enough to supervise the model.,"Contact mode support, embodiment limits, and deployment perturbations.","Branch collapse, hidden-mode shift, and tail-risk planning failures.",Generic world models and generic uncertainty are crowded.,Temporal credit without rewards keeps action-critical alternatives explicit until a physical observation collapses them.
56,doi:10.22541/au.177524426.60806944/v1,Safety of Vision-Language-Action Models: A Survey from Lifecycle Perspectives,,,https://doi.org/10.22541/au.177524426.60806944/v1,Addresses robot skill learning or a neighboring robotics mechanism.,"Prior work usually predicts, ranks, filters, or imitates observed behavior rather than preserving unrealized branches.",The observed outcome is enough to supervise the model.,"Contact mode support, embodiment limits, and deployment perturbations.","Branch collapse, hidden-mode shift, and tail-risk planning failures.",Generic world models and generic uncertainty are crowded.,Temporal credit without rewards keeps action-critical alternatives explicit until a physical observation collapses them.
57,doi:10.1126/scirobotics.ado5888,Counterfactual rewards promote collective transport using individually controlled swarm microrobots,2024,Science Robotics,https://doi.org/10.1126/scirobotics.ado5888,Addresses robot skill learning or a neighboring robotics mechanism.,"Prior work usually predicts, ranks, filters, or imitates observed behavior rather than preserving unrealized branches.",The observed outcome is enough to supervise the model.,"Contact mode support, embodiment limits, and deployment perturbations.","Branch collapse, hidden-mode shift, and tail-risk planning failures.",Generic world models and generic uncertainty are crowded.,Temporal credit without rewards keeps action-critical alternatives explicit until a physical observation collapses them.
58,doi:10.20965/jrm.2025.p0434,Skill Implemented Motion Planning for Precision Assembly Task of Part Mating Gears,2025,Journal of Robotics and Mechatronics,https://doi.org/10.20965/jrm.2025.p0434,Addresses robot skill learning or a neighboring robotics mechanism.,"Prior work usually predicts, ranks, filters, or imitates observed behavior rather than preserving unrealized branches.",The observed outcome is enough to supervise the model.,"Contact mode support, embodiment limits, and deployment perturbations.","Branch collapse, hidden-mode shift, and tail-risk planning failures.",Generic world models and generic uncertainty are crowded.,Temporal credit without rewards keeps action-critical alternatives explicit until a physical observation collapses them.
59,doi:10.48550/arxiv.2306.08647,Language to Rewards for Robotic Skill Synthesis,2023,arXiv (Cornell University),https://doi.org/10.48550/arxiv.2306.08647,Addresses robot skill learning or a neighboring robotics mechanism.,"Prior work usually predicts, ranks, filters, or imitates observed behavior rather than preserving unrealized branches.",The observed outcome is enough to supervise the model.,"Contact mode support, embodiment limits, and deployment perturbations.","Branch collapse, hidden-mode shift, and tail-risk planning failures.",Generic world models and generic uncertainty are crowded.,Temporal credit without rewards keeps action-critical alternatives explicit until a physical observation collapses them.
60,doi:10.1002/9781119010883.ch6,Performance Evaluation of Predictive Control with Long Horizons,2016,Model Predictive Control of High Power Convertersand Industrial Drives,https://doi.org/10.1002/9781119010883.ch6,Addresses robot skill learning or a neighboring robotics mechanism.,"Prior work usually predicts, ranks, filters, or imitates observed behavior rather than preserving unrealized branches.",The observed outcome is enough to supervise the model.,"Contact mode support, embodiment limits, and deployment perturbations.","Branch collapse, hidden-mode shift, and tail-risk planning failures.",Generic world models and generic uncertainty are crowded.,Temporal credit without rewards keeps action-critical alternatives explicit until a physical observation collapses them.
61,doi:10.1145/3491102.3501927,ASTEROIDS: Exploring Swarms of Mini-Telepresence Robots for Physical Skill Demonstration,2022,CHI Conference on Human Factors in Computing Systems,https://doi.org/10.1145/3491102.3501927,Addresses robot skill learning or a neighboring robotics mechanism.,"Prior work usually predicts, ranks, filters, or imitates observed behavior rather than preserving unrealized branches.",The observed outcome is enough to supervise the model.,"Contact mode support, embodiment limits, and deployment perturbations.","Branch collapse, hidden-mode shift, and tail-risk planning failures.",Generic world models and generic uncertainty are crowded.,Temporal credit without rewards keeps action-critical alternatives explicit until a physical observation collapses them.
62,doi:10.3389/fgene.2025.1641162,HyenaCircle: a HyenaDNA-based pretrained large language model for long eccDNA prediction,2025,Frontiers in Genetics,https://doi.org/10.3389/fgene.2025.1641162,Addresses robot skill learning or a neighboring robotics mechanism.,"Prior work usually predicts, ranks, filters, or imitates observed behavior rather than preserving unrealized branches.",The observed outcome is enough to supervise the model.,"Contact mode support, embodiment limits, and deployment perturbations.","Branch collapse, hidden-mode shift, and tail-risk planning failures.",Generic world models and generic uncertainty are crowded.,Temporal credit without rewards keeps action-critical alternatives explicit until a physical observation collapses them.
63,doi:10.1609/aaai.v40i22.38910,TTF-VLA: Temporal Token Fusion via Pixel-Attention Integration for Vision-Language-Action Models,2026,Proceedings of the AAAI Conference on Artificial Intelligence,https://doi.org/10.1609/aaai.v40i22.38910,Addresses robot skill learning or a neighboring robotics mechanism.,"Prior work usually predicts, ranks, filters, or imitates observed behavior rather than preserving unrealized branches.",The observed outcome is enough to supervise the model.,"Contact mode support, embodiment limits, and deployment perturbations.","Branch collapse, hidden-mode shift, and tail-risk planning failures.",Generic world models and generic uncertainty are crowded.,Temporal credit without rewards keeps action-critical alternatives explicit until a physical observation collapses them.
64,doi:10.21203/rs.3.rs-9997769/v1,Weakly Supervised CLIP Outperforms a 7 B Open-Source Vision–Language Model on Bi-Temporal Satellite Change Classification,,,https://doi.org/10.21203/rs.3.rs-9997769/v1,Addresses robot skill learning or a neighboring robotics mechanism.,"Prior work usually predicts, ranks, filters, or imitates observed behavior rather than preserving unrealized branches.",The observed outcome is enough to supervise the model.,"Contact mode support, embodiment limits, and deployment perturbations.","Branch collapse, hidden-mode shift, and tail-risk planning failures.",Generic world models and generic uncertainty are crowded.,Temporal credit without rewards keeps action-critical alternatives explicit until a physical observation collapses them.
65,doi:10.1177/21695172261439479,HyReach: Vision-Guided Hybrid Manipulator Reaching in Cluttered Unseen Environments,2026,Soft Robotics,https://doi.org/10.1177/21695172261439479,Addresses robot skill learning or a neighboring robotics mechanism.,"Prior work usually predicts, ranks, filters, or imitates observed behavior rather than preserving unrealized branches.",The observed outcome is enough to supervise the model.,"Contact mode support, embodiment limits, and deployment perturbations.","Branch collapse, hidden-mode shift, and tail-risk planning failures.",Generic world models and generic uncertainty are crowded.,Temporal credit without rewards keeps action-critical alternatives explicit until a physical observation collapses them.
66,arxiv:2205.10431v2,Learning Dense Reward with Temporal Variant Self-Supervision,2022,arXiv,http://arxiv.org/abs/2205.10431v2,Addresses robot skill learning or a neighboring robotics mechanism.,"Prior work usually predicts, ranks, filters, or imitates observed behavior rather than preserving unrealized branches.",The observed outcome is enough to supervise the model.,"Contact mode support, embodiment limits, and deployment perturbations.","Branch collapse, hidden-mode shift, and tail-risk planning failures.",Generic world models and generic uncertainty are crowded.,Temporal credit without rewards keeps action-critical alternatives explicit until a physical observation collapses them.
67,doi:10.3389/frobt.2025.1649154,Weber–Fechner law in temporal difference learning derived from control as inference,2025,Frontiers in Robotics and AI,https://doi.org/10.3389/frobt.2025.1649154,Addresses robot skill learning or a neighboring robotics mechanism.,"Prior work usually predicts, ranks, filters, or imitates observed behavior rather than preserving unrealized branches.",The observed outcome is enough to supervise the model.,"Contact mode support, embodiment limits, and deployment perturbations.","Branch collapse, hidden-mode shift, and tail-risk planning failures.",Generic world models and generic uncertainty are crowded.,Temporal credit without rewards keeps action-critical alternatives explicit until a physical observation collapses them.
68,arxiv:2504.06538v2,OPAL: Encoding Causal Understanding of Physical Systems for Robot Learning,2025,arXiv,http://arxiv.org/abs/2504.06538v2,Addresses robot skill learning or a neighboring robotics mechanism.,"Prior work usually predicts, ranks, filters, or imitates observed behavior rather than preserving unrealized branches.",The observed outcome is enough to supervise the model.,"Contact mode support, embodiment limits, and deployment perturbations.","Branch collapse, hidden-mode shift, and tail-risk planning failures.",Generic world models and generic uncertainty are crowded.,Temporal credit without rewards keeps action-critical alternatives explicit until a physical observation collapses them.
69,doi:10.1007/s11370-025-00664-4,Offline spatial–temporal actor-critic learning for robot crowd navigation without behavior regularization,2026,Intelligent Service Robotics,https://doi.org/10.1007/s11370-025-00664-4,Addresses robot skill learning or a neighboring robotics mechanism.,"Prior work usually predicts, ranks, filters, or imitates observed behavior rather than preserving unrealized branches.",The observed outcome is enough to supervise the model.,"Contact mode support, embodiment limits, and deployment perturbations.","Branch collapse, hidden-mode shift, and tail-risk planning failures.",Generic world models and generic uncertainty are crowded.,Temporal credit without rewards keeps action-critical alternatives explicit until a physical observation collapses them.
70,doi:10.1002/oca.2781,Path planning of mobile robot in unknown dynamic continuous environment using reward‐modified deep Q ‐network,2023,Optimal Control Applications and Methods,https://doi.org/10.1002/oca.2781,Addresses robot skill learning or a neighboring robotics mechanism.,"Prior work usually predicts, ranks, filters, or imitates observed behavior rather than preserving unrealized branches.",The observed outcome is enough to supervise the model.,"Contact mode support, embodiment limits, and deployment perturbations.","Branch collapse, hidden-mode shift, and tail-risk planning failures.",Generic world models and generic uncertainty are crowded.,Temporal credit without rewards keeps action-critical alternatives explicit until a physical observation collapses them.
71,arxiv:2509.16679v1,Reinforcement Learning Meets Large Language Models: A Survey of Advancements and Applications Across the LLM Lifecycle,2025,arXiv,http://arxiv.org/abs/2509.16679v1,Addresses robot skill learning or a neighboring robotics mechanism.,"Prior work usually predicts, ranks, filters, or imitates observed behavior rather than preserving unrealized branches.",The observed outcome is enough to supervise the model.,"Contact mode support, embodiment limits, and deployment perturbations.","Branch collapse, hidden-mode shift, and tail-risk planning failures.",Generic world models and generic uncertainty are crowded.,Temporal credit without rewards keeps action-critical alternatives explicit until a physical observation collapses them.
72,arxiv:2606.04355v1,Think Fast and Far: Long-Horizon Online POMDP Planning via Rapid State Sampling,2026,arXiv,http://arxiv.org/abs/2606.04355v1,Addresses robot skill learning or a neighboring robotics mechanism.,"Prior work usually predicts, ranks, filters, or imitates observed behavior rather than preserving unrealized branches.",The observed outcome is enough to supervise the model.,"Contact mode support, embodiment limits, and deployment perturbations.","Branch collapse, hidden-mode shift, and tail-risk planning failures.",Generic world models and generic uncertainty are crowded.,Temporal credit without rewards keeps action-critical alternatives explicit until a physical observation collapses them.
73,doi:10.1109/icra55743.2025.11128705,Guiding Long-Horizon Task and Motion Planning with Vision Language Models,2025,2025 IEEE International Conference on Robotics and Automation (ICRA),https://doi.org/10.1109/icra55743.2025.11128705,Addresses robot skill learning or a neighboring robotics mechanism.,"Prior work usually predicts, ranks, filters, or imitates observed behavior rather than preserving unrealized branches.",The observed outcome is enough to supervise the model.,"Contact mode support, embodiment limits, and deployment perturbations.","Branch collapse, hidden-mode shift, and tail-risk planning failures.",Generic world models and generic uncertainty are crowded.,Temporal credit without rewards keeps action-critical alternatives explicit until a physical observation collapses them.
74,doi:10.1007/s10514-023-10120-w,Learning rewards from exploratory demonstrations using probabilistic temporal ranking,2023,Autonomous Robots,https://doi.org/10.1007/s10514-023-10120-w,Addresses robot skill learning or a neighboring robotics mechanism.,"Prior work usually predicts, ranks, filters, or imitates observed behavior rather than preserving unrealized branches.",The observed outcome is enough to supervise the model.,"Contact mode support, embodiment limits, and deployment perturbations.","Branch collapse, hidden-mode shift, and tail-risk planning failures.",Generic world models and generic uncertainty are crowded.,Temporal credit without rewards keeps action-critical alternatives explicit until a physical observation collapses them.
75,doi:10.1038/s41598-025-30602-4,Physics-informed hybrid reinforcement learning for estimating lithium-ion battery state of health,2025,Scientific Reports,https://doi.org/10.1038/s41598-025-30602-4,Addresses robot skill learning or a neighboring robotics mechanism.,"Prior work usually predicts, ranks, filters, or imitates observed behavior rather than preserving unrealized branches.",The observed outcome is enough to supervise the model.,"Contact mode support, embodiment limits, and deployment perturbations.","Branch collapse, hidden-mode shift, and tail-risk planning failures.",Generic world models and generic uncertainty are crowded.,Temporal credit without rewards keeps action-critical alternatives explicit until a physical observation collapses them.
76,doi:10.1109/cvpr52733.2024.01357,TimeChat: A Time-sensitive Multimodal Large Language Model for Long Video Understanding,2024,2024 IEEE/CVF Conference on Computer Vision and Pattern Recognition (CVPR),https://doi.org/10.1109/cvpr52733.2024.01357,Addresses robot skill learning or a neighboring robotics mechanism.,"Prior work usually predicts, ranks, filters, or imitates observed behavior rather than preserving unrealized branches.",The observed outcome is enough to supervise the model.,"Contact mode support, embodiment limits, and deployment perturbations.","Branch collapse, hidden-mode shift, and tail-risk planning failures.",Generic world models and generic uncertainty are crowded.,Temporal credit without rewards keeps action-critical alternatives explicit until a physical observation collapses them.
77,doi:10.31763/ijrcs.v6i1.2532,A Study on the Impact of Hyperparameters on the Temporal Convolutional Network Model for Electric Load Forecasting,2026,International Journal of Robotics and Control Systems,https://doi.org/10.31763/ijrcs.v6i1.2532,Addresses robot skill learning or a neighboring robotics mechanism.,"Prior work usually predicts, ranks, filters, or imitates observed behavior rather than preserving unrealized branches.",The observed outcome is enough to supervise the model.,"Contact mode support, embodiment limits, and deployment perturbations.","Branch collapse, hidden-mode shift, and tail-risk planning failures.",Generic world models and generic uncertainty are crowded.,Temporal credit without rewards keeps action-critical alternatives explicit until a physical observation collapses them.
78,doi:10.1609/aaai.v39i27.35109,From Large Language Models to Large Action Models: Reasoning and Planning with Physical World Knowledge,2025,Proceedings of the AAAI Conference on Artificial Intelligence,https://doi.org/10.1609/aaai.v39i27.35109,Addresses robot skill learning or a neighboring robotics mechanism.,"Prior work usually predicts, ranks, filters, or imitates observed behavior rather than preserving unrealized branches.",The observed outcome is enough to supervise the model.,"Contact mode support, embodiment limits, and deployment perturbations.","Branch collapse, hidden-mode shift, and tail-risk planning failures.",Generic world models and generic uncertainty are crowded.,Temporal credit without rewards keeps action-critical alternatives explicit until a physical observation collapses them.
79,doi:10.3390/bdcc10040102,Emotional Framing in Prompts Modulates Large Language Model Performance,2026,Big Data and Cognitive Computing,https://doi.org/10.3390/bdcc10040102,Addresses robot skill learning or a neighboring robotics mechanism.,"Prior work usually predicts, ranks, filters, or imitates observed behavior rather than preserving unrealized branches.",The observed outcome is enough to supervise the model.,"Contact mode support, embodiment limits, and deployment perturbations.","Branch collapse, hidden-mode shift, and tail-risk planning failures.",Generic world models and generic uncertainty are crowded.,Temporal credit without rewards keeps action-critical alternatives explicit until a physical observation collapses them.
80,arxiv:2404.03275v3,DELTA: Decomposed Efficient Long-Term Robot Task Planning using Large Language Models,2024,arXiv,http://arxiv.org/abs/2404.03275v3,Addresses robot skill learning or a neighboring robotics mechanism.,"Prior work usually predicts, ranks, filters, or imitates observed behavior rather than preserving unrealized branches.",The observed outcome is enough to supervise the model.,"Contact mode support, embodiment limits, and deployment perturbations.","Branch collapse, hidden-mode shift, and tail-risk planning failures.",Generic world models and generic uncertainty are crowded.,Temporal credit without rewards keeps action-critical alternatives explicit until a physical observation collapses them.
81,doi:10.3390/machines14020200,Economical Motion Planning for On-Road Autonomous Driving with Distance-Sensitive Spatio-Temporal Resolutions,2026,Machines,https://doi.org/10.3390/machines14020200,Addresses robot skill learning or a neighboring robotics mechanism.,"Prior work usually predicts, ranks, filters, or imitates observed behavior rather than preserving unrealized branches.",The observed outcome is enough to supervise the model.,"Contact mode support, embodiment limits, and deployment perturbations.","Branch collapse, hidden-mode shift, and tail-risk planning failures.",Generic world models and generic uncertainty are crowded.,Temporal credit without rewards keeps action-critical alternatives explicit until a physical observation collapses them.
82,doi:10.34133/research.1123,Deep Reinforcement Learning for Real-World Humanoid Robot Locomotion Control with Automatic Reward Learning,2026,Research,https://doi.org/10.34133/research.1123,Addresses robot skill learning or a neighboring robotics mechanism.,"Prior work usually predicts, ranks, filters, or imitates observed behavior rather than preserving unrealized branches.",The observed outcome is enough to supervise the model.,"Contact mode support, embodiment limits, and deployment perturbations.","Branch collapse, hidden-mode shift, and tail-risk planning failures.",Generic world models and generic uncertainty are crowded.,Temporal credit without rewards keeps action-critical alternatives explicit until a physical observation collapses them.
83,arxiv:2502.15613v1,Pick-and-place Manipulation Across Grippers Without Retraining: A Learning-optimization Diffusion Policy Approach,2025,arXiv,http://arxiv.org/abs/2502.15613v1,Addresses robot skill learning or a neighboring robotics mechanism.,"Prior work usually predicts, ranks, filters, or imitates observed behavior rather than preserving unrealized branches.",The observed outcome is enough to supervise the model.,"Contact mode support, embodiment limits, and deployment perturbations.","Branch collapse, hidden-mode shift, and tail-risk planning failures.",Generic world models and generic uncertainty are crowded.,Temporal credit without rewards keeps action-critical alternatives explicit until a physical observation collapses them.
84,arxiv:2212.08333v2,AnyGrasp: Robust and Efficient Grasp Perception in Spatial and Temporal Domains,2022,arXiv,http://arxiv.org/abs/2212.08333v2,Addresses robot skill learning or a neighboring robotics mechanism.,"Prior work usually predicts, ranks, filters, or imitates observed behavior rather than preserving unrealized branches.",The observed outcome is enough to supervise the model.,"Contact mode support, embodiment limits, and deployment perturbations.","Branch collapse, hidden-mode shift, and tail-risk planning failures.",Generic world models and generic uncertainty are crowded.,Temporal credit without rewards keeps action-critical alternatives explicit until a physical observation collapses them.
85,arxiv:2508.16943v2,LHM-Humanoid: Learning a Unified Policy for Long-Horizon Humanoid Whole-Body Loco-Manipulation in Diverse Messy Environments,2025,arXiv,http://arxiv.org/abs/2508.16943v2,Addresses robot skill learning or a neighboring robotics mechanism.,"Prior work usually predicts, ranks, filters, or imitates observed behavior rather than preserving unrealized branches.",The observed outcome is enough to supervise the model.,"Contact mode support, embodiment limits, and deployment perturbations.","Branch collapse, hidden-mode shift, and tail-risk planning failures.",Generic world models and generic uncertainty are crowded.,Temporal credit without rewards keeps action-critical alternatives explicit until a physical observation collapses them.
86,arxiv:2604.21873v1,Grounding Video Reasoning in Physical Signals,2026,arXiv,http://arxiv.org/abs/2604.21873v1,Addresses robot skill learning or a neighboring robotics mechanism.,"Prior work usually predicts, ranks, filters, or imitates observed behavior rather than preserving unrealized branches.",The observed outcome is enough to supervise the model.,"Contact mode support, embodiment limits, and deployment perturbations.","Branch collapse, hidden-mode shift, and tail-risk planning failures.",Generic world models and generic uncertainty are crowded.,Temporal credit without rewards keeps action-critical alternatives explicit until a physical observation collapses them.
87,doi:10.1145/3747393.3747399,Integrating Vision Foundation Models with Reinforcement Learning for Enhanced Object Interaction,2025,arXiv,http://arxiv.org/abs/2508.05838v1,Addresses robot skill learning or a neighboring robotics mechanism.,"Prior work usually predicts, ranks, filters, or imitates observed behavior rather than preserving unrealized branches.",The observed outcome is enough to supervise the model.,"Contact mode support, embodiment limits, and deployment perturbations.","Branch collapse, hidden-mode shift, and tail-risk planning failures.",Generic world models and generic uncertainty are crowded.,Temporal credit without rewards keeps action-critical alternatives explicit until a physical observation collapses them.
88,doi:10.4108/airo.v2i1.3392,Immersive Horizons: Exploring the Transformative Power of Virtual Reality Across Economic Sectors,2023,EAI Endorsed Transactions on AI and Robotics,https://doi.org/10.4108/airo.v2i1.3392,Addresses robot skill learning or a neighboring robotics mechanism.,"Prior work usually predicts, ranks, filters, or imitates observed behavior rather than preserving unrealized branches.",The observed outcome is enough to supervise the model.,"Contact mode support, embodiment limits, and deployment perturbations.","Branch collapse, hidden-mode shift, and tail-risk planning failures.",Generic world models and generic uncertainty are crowded.,Temporal credit without rewards keeps action-critical alternatives explicit until a physical observation collapses them.
89,doi:10.23919/acc55779.2023.10156033,Time Optimal Data Harvesting in Two Dimensions through Reinforcement Learning Without Engineered Reward Functions,2023,2023 American Control Conference (ACC),https://doi.org/10.23919/acc55779.2023.10156033,Addresses robot skill learning or a neighboring robotics mechanism.,"Prior work usually predicts, ranks, filters, or imitates observed behavior rather than preserving unrealized branches.",The observed outcome is enough to supervise the model.,"Contact mode support, embodiment limits, and deployment perturbations.","Branch collapse, hidden-mode shift, and tail-risk planning failures.",Generic world models and generic uncertainty are crowded.,Temporal credit without rewards keeps action-critical alternatives explicit until a physical observation collapses them.
90,doi:10.1007/978-3-031-18461-1_27,Learning to Solve Sequential Planning Problems Without Rewards,2023,"Lecture Notes in Networks and Systems Proceedings of the Future Technologies Conference (FTC) 2022, Volume 1",https://doi.org/10.1007/978-3-031-18461-1_27,Addresses robot skill learning or a neighboring robotics mechanism.,"Prior work usually predicts, ranks, filters, or imitates observed behavior rather than preserving unrealized branches.",The observed outcome is enough to supervise the model.,"Contact mode support, embodiment limits, and deployment perturbations.","Branch collapse, hidden-mode shift, and tail-risk planning failures.",Generic world models and generic uncertainty are crowded.,Temporal credit without rewards keeps action-critical alternatives explicit until a physical observation collapses them.
91,doi:10.1111/resp.13420_427,LONG‐TERM COURSE OF EMPHYSEMA WITHOUT AIRFLOW LIMITATION,2018,Respirology,https://doi.org/10.1111/resp.13420_427,Addresses robot skill learning or a neighboring robotics mechanism.,"Prior work usually predicts, ranks, filters, or imitates observed behavior rather than preserving unrealized branches.",The observed outcome is enough to supervise the model.,"Contact mode support, embodiment limits, and deployment perturbations.","Branch collapse, hidden-mode shift, and tail-risk planning failures.",Generic world models and generic uncertainty are crowded.,Temporal credit without rewards keeps action-critical alternatives explicit until a physical observation collapses them.
92,doi:10.1142/s0219843624500014,Task-Oriented Self-Imitation Learning for Robotic Autonomous Skill Acquisition,2024,International Journal of Humanoid Robotics,https://doi.org/10.1142/s0219843624500014,Addresses robot skill learning or a neighboring robotics mechanism.,"Prior work usually predicts, ranks, filters, or imitates observed behavior rather than preserving unrealized branches.",The observed outcome is enough to supervise the model.,"Contact mode support, embodiment limits, and deployment perturbations.","Branch collapse, hidden-mode shift, and tail-risk planning failures.",Generic world models and generic uncertainty are crowded.,Temporal credit without rewards keeps action-critical alternatives explicit until a physical observation collapses them.
93,doi:10.1002/9781119010883.ch5,Predictive Control with Long Horizons,2016,Model Predictive Control of High Power Convertersand Industrial Drives,https://doi.org/10.1002/9781119010883.ch5,Addresses robot skill learning or a neighboring robotics mechanism.,"Prior work usually predicts, ranks, filters, or imitates observed behavior rather than preserving unrealized branches.",The observed outcome is enough to supervise the model.,"Contact mode support, embodiment limits, and deployment perturbations.","Branch collapse, hidden-mode shift, and tail-risk planning failures.",Generic world models and generic uncertainty are crowded.,Temporal credit without rewards keeps action-critical alternatives explicit until a physical observation collapses them.
94,doi:10.1111/j.1728-4465.2011.00292.x,Contraceptive Security: Incomplete Without Long‐Acting and Permanent Methods of Family Planning,2011,Studies in Family Planning,https://doi.org/10.1111/j.1728-4465.2011.00292.x,Addresses robot skill learning or a neighboring robotics mechanism.,"Prior work usually predicts, ranks, filters, or imitates observed behavior rather than preserving unrealized branches.",The observed outcome is enough to supervise the model.,"Contact mode support, embodiment limits, and deployment perturbations.","Branch collapse, hidden-mode shift, and tail-risk planning failures.",Generic world models and generic uncertainty are crowded.,Temporal credit without rewards keeps action-critical alternatives explicit until a physical observation collapses them.
95,doi:10.5527/wjn.v12.i5.182,Heterogeneity in cardiorenal protection by Sodium glucose cotransporter 2 inhibitors in heart failure across the ejection fraction strata: Systematic review and meta-analysis,2023,World Journal of Nephrology,https://doi.org/10.5527/wjn.v12.i5.182,Addresses robot skill learning or a neighboring robotics mechanism.,"Prior work usually predicts, ranks, filters, or imitates observed behavior rather than preserving unrealized branches.",The observed outcome is enough to supervise the model.,"Contact mode support, embodiment limits, and deployment perturbations.","Branch collapse, hidden-mode shift, and tail-risk planning failures.",Generic world models and generic uncertainty are crowded.,Temporal credit without rewards keeps action-critical alternatives explicit until a physical observation collapses them.
96,doi:10.1109/icra55743.2025.11127706,ReMEmbR: Building and Reasoning Over Long-Horizon Spatio-Temporal Memory for Robot Navigation,2025,2025 IEEE International Conference on Robotics and Automation (ICRA),https://doi.org/10.1109/icra55743.2025.11127706,Addresses robot skill learning or a neighboring robotics mechanism.,"Prior work usually predicts, ranks, filters, or imitates observed behavior rather than preserving unrealized branches.",The observed outcome is enough to supervise the model.,"Contact mode support, embodiment limits, and deployment perturbations.","Branch collapse, hidden-mode shift, and tail-risk planning failures.",Generic world models and generic uncertainty are crowded.,Temporal credit without rewards keeps action-critical alternatives explicit until a physical observation collapses them.
97,doi:10.1609/aaai.v38i18.29991,SayCanPay: Heuristic Planning with Large Language Models Using Learnable Domain Knowledge,2024,Proceedings of the AAAI Conference on Artificial Intelligence,https://doi.org/10.1609/aaai.v38i18.29991,Addresses robot skill learning or a neighboring robotics mechanism.,"Prior work usually predicts, ranks, filters, or imitates observed behavior rather than preserving unrealized branches.",The observed outcome is enough to supervise the model.,"Contact mode support, embodiment limits, and deployment perturbations.","Branch collapse, hidden-mode shift, and tail-risk planning failures.",Generic world models and generic uncertainty are crowded.,Temporal credit without rewards keeps action-critical alternatives explicit until a physical observation collapses them.
98,doi:10.1109/jbhi.2026.3694809,A Foundation Model for Wearable Movement Data in Mental Health Research,2024,arXiv,http://arxiv.org/abs/2411.15240v5,Addresses robot skill learning or a neighboring robotics mechanism.,"Prior work usually predicts, ranks, filters, or imitates observed behavior rather than preserving unrealized branches.",The observed outcome is enough to supervise the model.,"Contact mode support, embodiment limits, and deployment perturbations.","Branch collapse, hidden-mode shift, and tail-risk planning failures.",Generic world models and generic uncertainty are crowded.,Temporal credit without rewards keeps action-critical alternatives explicit until a physical observation collapses them.
99,doi:10.62311/nesx/rb-978-81-992251-0-7,Intelligent Robotics and Autonomous Systems: From Cognitive Machines to Surgical Precision,2025,,https://doi.org/10.62311/nesx/rb-978-81-992251-0-7,Addresses robot skill learning or a neighboring robotics mechanism.,"Prior work usually predicts, ranks, filters, or imitates observed behavior rather than preserving unrealized branches.",The observed outcome is enough to supervise the model.,"Contact mode support, embodiment limits, and deployment perturbations.","Branch collapse, hidden-mode shift, and tail-risk planning failures.",Generic world models and generic uncertainty are crowded.,Temporal credit without rewards keeps action-critical alternatives explicit until a physical observation collapses them.
100,doi:10.47197/retos.v56.105047,Article RETRACTED due to manipulation by the authors The Hybrid Learning System With Project Based Learning: Can It Increase Creative Thinking Skill and Learning Motivation in Physical Education Learning?,2024,Retos,https://doi.org/10.47197/retos.v56.105047,Addresses robot skill learning or a neighboring robotics mechanism.,"Prior work usually predicts, ranks, filters, or imitates observed behavior rather than preserving unrealized branches.",The observed outcome is enough to supervise the model.,"Contact mode support, embodiment limits, and deployment perturbations.","Branch collapse, hidden-mode shift, and tail-risk planning failures.",Generic world models and generic uncertainty are crowded.,Temporal credit without rewards keeps action-critical alternatives explicit until a physical observation collapses them.
